symbol,underlying
NIFTYQLITY,Aditya Birla Sun Life Nifty 200 Quality 30 ETF
AXISILVER,Axis Silver ETF
CPSEETF,CPSE ETF
ICICISILVE,Domestic Price of Silver
SILVERBEES,Domestic price of Silver- based on LBMA Silver daily spot fixing price
DSPSILVETF,DSP Silver ETF
BSLGOLDETF,Gold
QGOLDHALF,Gold
AXISGOLD,Gold
GOLDSHARE,Gold
KOTAKGOLD,Gold
SETFGOLD,Gold
ICICIGOLD,Gold
HDFCMFGETF,Gold
GOLDBEES,Gold
HNGSNGBEES,Hang Seng Index
MAHKTECH,Hang Seng TECH Total Return Index
HDFCMID150,HDFC NIFTY Midcap 150 ETF
HDFCSML250,HDFC NIFTY Smallcap 250 ETF
HDFCSILVER,HDFC Silver ETF
ICICIMOM30,ICICI Prudential Nifty 200 Momentum 30 ETF
PSUBANKICI,ICICI Prudential Nifty PSU Bank ETF
KOTAKLOVOL,Kotak Nifty 100 Low Vol 30 ETF
MAM150ETF,Mirae Asset Mutual Fund - Mirae Asset Nifty Midcap 150 ETF
MONQ50,Nasdaq Q-50 Total Return Index
MON100,Nasdaq100
ICICINF100,Nifty 100
ICICILOVOL,Nifty 100 Low Volatility 30 Index
MOMOMENTUM,Nifty 200 Momentum 30 Total Return Index
MAN50ETF,Nifty 50
HDFCNIFETF,Nifty 50
BSLNIFTY,Nifty 50
KOTAKNIFTY,Nifty 50
ICICINIFTY,Nifty 50
SETFNIF50,Nifty 50
NIFTYBEES,Nifty 50
DSPNEWETF,NIFTY 50 Equal Weight Index
KOTAKALPHA,NIFTY Alpha 50 Index
ICICIALPLV,Nifty Alpha Low-Volatility 30 Index
AUTOBEES,Nifty Auto TRI
HBANKETF,Nifty Bank
ABSLBANETF,Nifty Bank
KOTAKBKETF,Nifty Bank
ICICIBANKN,Nifty Bank
SETFNIFBK,Nifty Bank
UTIBANKETF,Nifty Bank
BANKBEES,Nifty Bank
DIVOPPBEES,Nifty Dividend Opportunities 50 TRI
MAFSETF,Nifty Financial Services Index
ICICIFMCG,Nifty FMCG Index
ICICIPHARM,Nifty Healthcare Index
AXISHCETF,Nifty Healthcare Index
HEALTHY,Nifty Healthcare TRI
ICICICONSU,Nifty India Consumption Index
CONSUMBEES,Nifty India Consumption TRI
TNIDETF,Nifty India Digital Index
MAMFGETF,Nifty India Manufacturing Total Return Index
AXISTECETF,NIFTY IT Index
SBIETFIT,Nifty IT Index
KOTAKIT,NIFTY IT Index
ICICITECH,Nifty IT Index
ITBEES,Nifty IT TRI
MOM100,Nifty Midcap 100
ICICIM150,Nifty Midcap 150
DSPQ50ETF,Nifty Midcap 150 Quality 50 Index
MID150BEES,Nifty Midcap 150 TRI
ABSLNN50ET,Nifty Next 50
SETFNN50,Nifty Next 50
UTINEXT50,Nifty Next 50
ICICINXT50,Nifty Next 50
JUNIORBEES,Nifty Next 50
PHARMABEES,Nifty Pharma TRI
ICICIBANKP,Nifty Private Bank Index
KOTAKPSUBK,Nifty PSU Bank
PSUBNKBEES,Nifty PSU Bank
MAESGETF,NIFTY100 ESG SECTOR LEADERS
KOTAKNV20,Nifty50 Value 20
ICICINV20,Nifty50 Value 20
MAFANG,NYSE FANG+ Total Return Index
SILVER,Physical price of Silver
MASPTOP50,S&P 500 Top 50 Total Return Index
ICICI500,S&P BSE 500 index
ICICIMCAP,S&P BSE Midcap Select Index
